TA_direct,VUL_direct,ASR_direct,CE_direct,w_direct,TA_indirect_rag,VUL_indirect_rag,ASR_indirect_rag,CE_indirect_rag,w_indirect_rag,TA_agent_tool,VUL_agent_tool,ASR_agent_tool,CE_agent_tool,w_agent_tool,alpha_TA,beta_VUL,gamma_ASR,T_U,T_M,T_T,v_U,v_M,v_T,C,I,A,wC,wI,wA,DIR,ATT,MUL,wDIR,wATT,wMUL,AUTH,URG,SCA,REC,LIK,SPF,CON,F_G,w_AUTH,w_URG,w_SCA,w_REC,w_LIK,w_SPF,w_CON,w_F_G,lambda_T,lambda_CIA,lambda_CPLX,lambda_SE,ResidualLikelihood(1-5),Impact(1-5),RawRisk(1-25),FinalScore(1-5)
3.88,3.92,0.766,0.182,0.182,4.69,2.55,0.68,0.409,0.523,4.33,4.28,0.303,0.667,0.295,0.35,0.35,0.3,3.94,4.28,2.59,0.25,0.5,0.25,3.78,2.74,2.69,0.3,0.5,0.2,4.11,3.51,4.95,0.3,0.3,0.4,2.04,3.65,3.85,3.99,4.72,2.81,2.21,1.52,0.12,0.14,0.1,0.1,0.1,0.14,0.15,0.15,0.25,0.45,0.15,0.15,2.08,3.4,7.06,2
2.68,4.27,0.07,0.572,0.33,2.9,4.16,0.119,0.449,0.329,4.62,3.33,0.166,0.363,0.341,0.35,0.35,0.3,4.17,3.54,4.11,0.25,0.5,0.25,3.67,4.28,3.48,0.3,0.5,0.2,3.92,2.48,1.72,0.3,0.3,0.4,2.33,3.82,2.63,4.02,4.89,4.98,4.35,1.69,0.12,0.14,0.1,0.1,0.1,0.14,0.15,0.15,0.25,0.45,0.15,0.15,1.64,3.66,6.0,2
2.02,3.13,0.274,0.011,0.363,4.46,3.26,0.403,0.624,0.18,4.39,2.1,0.835,0.047,0.457,0.35,0.35,0.3,2.32,2.48,2.49,0.25,0.5,0.25,4.08,4.45,4.83,0.3,0.5,0.2,1.94,2.35,4.07,0.3,0.3,0.4,3.59,3.65,3.1,3.82,4.23,3.88,4.02,1.84,0.12,0.14,0.1,0.1,0.1,0.14,0.15,0.15,0.25,0.45,0.15,0.15,2.67,3.56,9.48,2
3.4,4.53,0.251,0.09,0.478,2.91,3.63,0.809,0.485,0.4,2.84,3.16,0.612,0.569,0.122,0.35,0.35,0.3,2.54,2.65,4.65,0.25,0.5,0.25,2.92,3.89,4.19,0.3,0.5,0.2,3.34,1.84,2.52,0.3,0.3,0.4,4.78,2.4,4.77,3.43,1.51,2.92,4.65,4.62,0.12,0.14,0.1,0.1,0.1,0.14,0.15,0.15,0.25,0.45,0.15,0.15,2.37,3.36,7.96,2
2.76,3.64,0.768,0.551,0.285,3.34,4.16,0.363,0.317,0.35,3.51,3.14,0.003,0.124,0.365,0.35,0.35,0.3,2.93,3.14,2.6,0.25,0.5,0.25,3.15,4.75,3.69,0.3,0.5,0.2,3.91,2.64,2.98,0.3,0.3,0.4,3.15,2.82,3.69,4.09,2.03,2.78,4.74,2.84,0.12,0.14,0.1,0.1,0.1,0.14,0.15,0.15,0.25,0.45,0.15,0.15,2.09,3.53,7.38,2
3.66,4.49,0.708,0.025,0.305,4.99,4.76,0.221,0.596,0.351,4.38,3.16,0.128,0.684,0.344,0.35,0.35,0.3,2.85,2.99,4.19,0.25,0.5,0.25,2.72,2.27,3.56,0.3,0.5,0.2,2.67,4.21,3.73,0.3,0.3,0.4,2.2,4.45,4.34,1.79,3.56,4.19,2.33,3.92,0.12,0.14,0.1,0.1,0.1,0.14,0.15,0.15,0.25,0.45,0.15,0.15,2.09,3.05,6.38,2
3.87,2.41,0.72,0.171,0.314,4.97,4.28,0.618,0.606,0.18,2.65,4.98,0.191,0.282,0.505,0.35,0.35,0.3,4.27,2.18,4.52,0.25,0.5,0.25,2.88,3.58,4.08,0.3,0.5,0.2,3.26,1.58,1.66,0.3,0.3,0.4,3.58,4.81,4.17,2.24,4.84,1.84,4.73,3.97,0.12,0.14,0.1,0.1,0.1,0.14,0.15,0.15,0.25,0.45,0.15,0.15,2.34,3.27,7.65,2
2.48,2.44,0.241,0.218,0.171,3.84,4.14,0.845,0.354,0.28,2.13,4.48,0.242,0.006,0.55,0.35,0.35,0.3,4.98,3.22,2.76,0.25,0.5,0.25,2.53,4.23,3.88,0.3,0.5,0.2,4.92,3.19,2.28,0.3,0.3,0.4,4.85,2.13,4.84,4.1,1.79,4.36,2.91,3.02,0.12,0.14,0.1,0.1,0.1,0.14,0.15,0.15,0.25,0.45,0.15,0.15,2.64,3.55,9.36,2
2.11,4.76,0.632,0.31,0.291,3.54,2.37,0.117,0.14,0.278,3.4,2.28,0.734,0.499,0.431,0.35,0.35,0.3,4.05,3.35,2.28,0.25,0.5,0.25,4.71,4.75,3.01,0.3,0.5,0.2,3.72,3.61,1.86,0.3,0.3,0.4,4.54,1.54,1.73,2.17,3.3,3.85,3.88,4.06,0.12,0.14,0.1,0.1,0.1,0.14,0.15,0.15,0.25,0.45,0.15,0.15,1.98,3.71,7.35,2
4.75,4.96,0.106,0.352,0.181,3.89,2.35,0.464,0.608,0.424,3.54,2.53,0.032,0.628,0.394,0.35,0.35,0.3,2.1,2.86,3.76,0.25,0.5,0.25,4.66,3.92,2.28,0.3,0.5,0.2,3.26,1.67,4.09,0.3,0.3,0.4,4.65,4.87,2.84,3.36,2.89,3.02,4.84,3.11,0.12,0.14,0.1,0.1,0.1,0.14,0.15,0.15,0.25,0.45,0.15,0.15,1.32,3.47,4.57,1
3.49,3.72,0.495,0.222,0.392,2.74,3.34,0.762,0.196,0.368,2.04,4.25,0.076,0.657,0.24,0.35,0.35,0.3,2.89,3.15,3.5,0.25,0.5,0.25,3.08,3.81,2.6,0.3,0.5,0.2,1.73,2.53,2.27,0.3,0.3,0.4,2.94,4.51,4.82,2.41,2.92,3.99,3.58,3.4,0.12,0.14,0.1,0.1,0.1,0.14,0.15,0.15,0.25,0.45,0.15,0.15,2.24,3.17,7.11,2
2.58,2.57,0.247,0.353,0.627,4.08,4.74,0.688,0.068,0.234,2.6,2.65,0.547,0.032,0.139,0.35,0.35,0.3,4.41,3.0,3.44,0.25,0.5,0.25,4.08,3.16,4.35,0.3,0.5,0.2,1.92,4.67,3.24,0.3,0.3,0.4,2.42,3.63,3.13,3.01,2.44,2.89,3.54,2.57,0.12,0.14,0.1,0.1,0.1,0.14,0.15,0.15,0.25,0.45,0.15,0.15,2.27,3.46,7.85,2
3.11,4.31,0.282,0.693,0.392,2.01,2.2,0.566,0.405,0.291,4.49,3.42,0.409,0.038,0.317,0.35,0.35,0.3,4.77,3.13,4.34,0.25,0.5,0.25,3.47,3.71,3.9,0.3,0.5,0.2,4.48,4.98,2.65,0.3,0.3,0.4,4.55,4.36,4.82,4.42,2.45,2.0,1.75,1.51,0.12,0.14,0.1,0.1,0.1,0.14,0.15,0.15,0.25,0.45,0.15,0.15,1.9,3.67,6.96,2
2.46,2.1,0.776,0.358,0.608,2.8,2.94,0.264,0.353,0.181,4.64,2.94,0.682,0.305,0.211,0.35,0.35,0.3,3.78,3.86,3.39,0.25,0.5,0.25,2.84,3.66,4.39,0.3,0.5,0.2,4.1,4.48,2.33,0.3,0.3,0.4,4.26,3.58,2.15,3.81,2.33,2.96,3.59,3.58,0.12,0.14,0.1,0.1,0.1,0.14,0.15,0.15,0.25,0.45,0.15,0.15,1.97,3.56,6.99,2
3.53,4.16,0.572,0.666,0.416,4.54,3.37,0.666,0.664,0.166,3.92,2.17,0.34,0.087,0.418,0.35,0.35,0.3,3.05,3.49,3.49,0.25,0.5,0.25,3.05,4.72,2.13,0.3,0.5,0.2,4.42,2.09,4.77,0.3,0.3,0.4,4.48,4.67,1.71,3.06,1.86,1.68,2.34,2.43,0.12,0.14,0.1,0.1,0.1,0.14,0.15,0.15,0.25,0.45,0.15,0.15,1.81,3.51,6.35,2
4.23,4.99,0.652,0.106,0.357,2.27,4.67,0.629,0.285,0.329,3.62,4.75,0.349,0.584,0.314,0.35,0.35,0.3,3.07,2.59,3.46,0.25,0.5,0.25,4.9,4.48,4.7,0.3,0.5,0.2,3.52,4.17,3.28,0.3,0.3,0.4,2.87,2.35,4.63,2.46,3.44,1.8,2.86,2.46,0.12,0.14,0.1,0.1,0.1,0.14,0.15,0.15,0.25,0.45,0.15,0.15,2.67,3.78,10.11,3
3.52,2.74,0.024,0.437,0.154,4.61,3.18,0.867,0.511,0.252,3.08,2.68,0.642,0.403,0.594,0.35,0.35,0.3,3.9,4.39,3.36,0.25,0.5,0.25,3.02,4.21,3.15,0.3,0.5,0.2,3.52,3.08,3.78,0.3,0.3,0.4,2.5,3.05,2.94,4.32,3.06,3.04,2.82,4.58,0.12,0.14,0.1,0.1,0.1,0.14,0.15,0.15,0.25,0.45,0.15,0.15,1.82,3.66,6.64,2
3.79,2.37,0.184,0.147,0.256,2.18,2.1,0.658,0.572,0.538,3.16,3.51,0.251,0.01,0.206,0.35,0.35,0.3,4.59,3.54,3.22,0.25,0.5,0.25,3.74,4.77,4.78,0.3,0.5,0.2,3.36,2.1,3.97,0.3,0.3,0.4,2.34,3.85,3.28,3.8,4.0,4.39,4.91,2.77,0.12,0.14,0.1,0.1,0.1,0.14,0.15,0.15,0.25,0.45,0.15,0.15,1.78,3.98,7.07,2
2.97,2.37,0.422,0.489,0.524,2.45,2.53,0.774,0.136,0.186,4.45,4.58,0.403,0.33,0.291,0.35,0.35,0.3,3.02,3.38,2.48,0.25,0.5,0.25,4.84,2.2,3.78,0.3,0.5,0.2,4.07,3.18,4.37,0.3,0.3,0.4,4.55,2.25,4.78,3.04,3.74,2.21,3.73,1.86,0.12,0.14,0.1,0.1,0.1,0.14,0.15,0.15,0.25,0.45,0.15,0.15,1.96,3.32,6.51,2
3.14,3.45,0.259,0.683,0.27,4.94,2.55,0.275,0.377,0.328,3.77,4.01,0.069,0.04,0.402,0.35,0.35,0.3,2.57,4.14,2.89,0.25,0.5,0.25,2.89,4.31,3.64,0.3,0.5,0.2,2.66,4.73,2.42,0.3,0.3,0.4,4.72,4.0,2.27,4.54,4.83,3.25,4.04,3.71,0.12,0.14,0.1,0.1,0.1,0.14,0.15,0.15,0.25,0.45,0.15,0.15,2.11,3.61,7.63,2
3.82,2.8,0.198,0.3,0.517,3.91,3.58,0.244,0.462,0.313,4.03,2.85,0.156,0.04,0.17,0.35,0.35,0.3,2.01,4.26,2.79,0.25,0.5,0.25,4.43,3.39,4.45,0.3,0.5,0.2,3.24,4.57,1.78,0.3,0.3,0.4,2.79,2.42,4.89,3.92,2.69,4.93,2.1,3.38,0.12,0.14,0.1,0.1,0.1,0.14,0.15,0.15,0.25,0.45,0.15,0.15,2.05,3.55,7.27,2
2.45,3.55,0.057,0.177,0.391,3.32,3.89,0.419,0.013,0.5,2.72,3.61,0.193,0.378,0.109,0.35,0.35,0.3,2.41,4.55,2.74,0.25,0.5,0.25,2.34,4.26,3.88,0.3,0.5,0.2,3.14,2.87,3.14,0.3,0.3,0.4,4.56,3.99,2.89,4.93,4.59,4.4,2.56,1.7,0.12,0.14,0.1,0.1,0.1,0.14,0.15,0.15,0.25,0.45,0.15,0.15,2.62,3.51,9.21,2
3.21,3.19,0.665,0.267,0.474,2.29,4.37,0.83,0.353,0.197,4.9,4.62,0.246,0.207,0.329,0.35,0.35,0.3,4.55,4.43,4.35,0.25,0.5,0.25,4.2,2.89,4.02,0.3,0.5,0.2,3.82,1.72,2.1,0.3,0.3,0.4,2.83,4.31,2.37,3.83,2.85,4.66,4.57,2.72,0.12,0.14,0.1,0.1,0.1,0.14,0.15,0.15,0.25,0.45,0.15,0.15,2.65,3.6,9.54,2
2.65,2.54,0.515,0.46,0.269,4.02,2.41,0.456,0.121,0.301,2.9,2.34,0.068,0.635,0.431,0.35,0.35,0.3,3.87,4.01,2.34,0.25,0.5,0.25,4.42,3.4,2.47,0.3,0.5,0.2,2.26,4.65,1.57,0.3,0.3,0.4,3.07,2.98,2.32,4.65,3.81,3.86,1.92,3.64,0.12,0.14,0.1,0.1,0.1,0.14,0.15,0.15,0.25,0.45,0.15,0.15,1.56,3.37,5.26,2
4.62,4.94,0.112,0.672,0.368,3.99,4.82,0.796,0.345,0.252,2.39,2.69,0.427,0.326,0.379,0.35,0.35,0.3,4.97,4.16,2.62,0.25,0.5,0.25,4.51,4.47,3.81,0.3,0.5,0.2,1.59,4.95,4.72,0.3,0.3,0.4,3.48,4.97,3.31,3.43,4.32,3.56,4.84,2.48,0.12,0.14,0.1,0.1,0.1,0.14,0.15,0.15,0.25,0.45,0.15,0.15,1.84,4.1,7.54,2
4.54,4.91,0.724,0.602,0.359,4.83,2.62,0.06,0.203,0.332,4.71,3.52,0.535,0.562,0.309,0.35,0.35,0.3,2.21,2.47,3.58,0.25,0.5,0.25,4.93,2.11,3.07,0.3,0.5,0.2,1.81,3.29,3.69,0.3,0.3,0.4,2.27,3.71,3.13,3.99,2.89,3.54,3.0,4.95,0.12,0.14,0.1,0.1,0.1,0.14,0.15,0.15,0.25,0.45,0.15,0.15,1.95,3.06,5.95,2
3.71,3.49,0.779,0.201,0.421,2.44,4.74,0.78,0.504,0.301,2.58,2.12,0.005,0.234,0.279,0.35,0.35,0.3,3.1,4.1,2.94,0.25,0.5,0.25,4.13,2.87,2.23,0.3,0.5,0.2,2.13,2.29,2.95,0.3,0.3,0.4,2.44,4.15,4.6,4.45,3.06,3.6,2.86,4.3,0.12,0.14,0.1,0.1,0.1,0.14,0.15,0.15,0.25,0.45,0.15,0.15,2.24,3.22,7.2,2
4.78,2.95,0.47,0.422,0.244,3.66,3.8,0.332,0.648,0.423,2.54,2.2,0.684,0.038,0.333,0.35,0.35,0.3,4.39,2.76,2.72,0.25,0.5,0.25,4.93,3.47,2.4,0.3,0.5,0.2,4.5,3.4,1.98,0.3,0.3,0.4,2.43,1.57,1.68,1.82,3.71,3.13,3.3,3.26,0.12,0.14,0.1,0.1,0.1,0.14,0.15,0.15,0.25,0.45,0.15,0.15,1.89,3.32,6.27,2
4.65,2.71,0.066,0.565,0.391,3.92,3.4,0.238,0.379,0.395,3.71,4.64,0.731,0.265,0.214,0.35,0.35,0.3,3.98,2.77,3.12,0.25,0.5,0.25,2.84,4.55,3.44,0.3,0.5,0.2,4.01,3.94,4.16,0.3,0.3,0.4,2.41,1.89,1.65,3.16,1.89,2.76,3.05,4.7,0.12,0.14,0.1,0.1,0.1,0.14,0.15,0.15,0.25,0.45,0.15,0.15,1.92,3.53,6.78,2
3.13,4.28,0.423,0.245,0.33,3.23,4.49,0.408,0.049,0.438,2.72,4.28,0.872,0.181,0.232,0.35,0.35,0.3,2.2,2.36,3.51,0.25,0.5,0.25,3.56,2.81,2.79,0.3,0.5,0.2,4.12,3.19,3.37,0.3,0.3,0.4,3.3,3.99,2.03,3.62,3.36,2.34,3.15,1.62,0.12,0.14,0.1,0.1,0.1,0.14,0.15,0.15,0.25,0.45,0.15,0.15,3.02,2.98,9.02,2
2.11,4.12,0.288,0.436,0.336,4.63,4.55,0.038,0.068,0.289,3.4,4.04,0.353,0.469,0.375,0.35,0.35,0.3,3.2,3.19,4.02,0.25,0.5,0.25,2.64,4.47,4.3,0.3,0.5,0.2,3.05,2.73,2.11,0.3,0.3,0.4,1.85,4.8,3.62,1.7,1.83,1.73,2.98,2.29,0.12,0.14,0.1,0.1,0.1,0.14,0.15,0.15,0.25,0.45,0.15,0.15,2.16,3.38,7.3,2
3.64,4.21,0.138,0.674,0.43,2.97,2.9,0.074,0.687,0.138,4.25,2.5,0.511,0.622,0.432,0.35,0.35,0.3,3.91,2.06,4.92,0.25,0.5,0.25,2.25,2.73,2.37,0.3,0.5,0.2,1.86,2.37,4.94,0.3,0.3,0.4,4.23,3.7,4.23,4.26,2.29,2.79,3.96,4.7,0.12,0.14,0.1,0.1,0.1,0.14,0.15,0.15,0.25,0.45,0.15,0.15,1.09,3.0,3.27,1
2.08,4.27,0.858,0.565,0.322,3.12,2.5,0.521,0.125,0.367,2.09,4.76,0.582,0.679,0.311,0.35,0.35,0.3,4.06,3.97,4.56,0.25,0.5,0.25,3.32,2.91,2.04,0.3,0.5,0.2,3.13,2.54,4.83,0.3,0.3,0.4,2.11,4.69,3.18,4.0,3.68,4.19,2.47,3.28,0.12,0.14,0.1,0.1,0.1,0.14,0.15,0.15,0.25,0.45,0.15,0.15,1.77,3.38,5.97,2
2.37,3.79,0.291,0.142,0.422,4.9,2.99,0.514,0.608,0.217,3.97,4.81,0.677,0.615,0.361,0.35,0.35,0.3,3.36,4.24,3.29,0.25,0.5,0.25,4.16,3.66,4.99,0.3,0.5,0.2,4.52,1.67,4.74,0.3,0.3,0.4,3.05,1.71,3.65,4.78,4.9,3.43,2.08,2.1,0.12,0.14,0.1,0.1,0.1,0.14,0.15,0.15,0.25,0.45,0.15,0.15,1.91,3.8,7.26,2
3.28,2.47,0.53,0.435,0.233,3.57,3.54,0.723,0.365,0.344,4.62,2.27,0.495,0.14,0.423,0.35,0.35,0.3,2.56,4.33,3.35,0.25,0.5,0.25,4.34,3.96,2.94,0.3,0.5,0.2,3.28,2.39,4.39,0.3,0.3,0.4,3.75,4.62,3.75,2.8,5.0,2.07,3.02,3.5,0.12,0.14,0.1,0.1,0.1,0.14,0.15,0.15,0.25,0.45,0.15,0.15,2.39,3.7,8.84,2
3.03,4.9,0.178,0.364,0.25,3.77,3.73,0.524,0.203,0.173,4.05,4.41,0.442,0.088,0.577,0.35,0.35,0.3,4.9,2.39,3.25,0.25,0.5,0.25,2.05,4.64,3.53,0.3,0.5,0.2,3.71,4.84,3.36,0.3,0.3,0.4,1.98,4.57,1.57,3.14,2.41,4.35,1.81,4.06,0.12,0.14,0.1,0.1,0.1,0.14,0.15,0.15,0.25,0.45,0.15,0.15,3.01,3.49,10.51,3
3.07,2.85,0.149,0.09,0.416,3.56,4.41,0.557,0.561,0.36,4.3,4.11,0.735,0.646,0.224,0.35,0.35,0.3,3.4,3.92,2.72,0.25,0.5,0.25,4.83,4.64,2.63,0.3,0.5,0.2,2.81,1.53,2.55,0.3,0.3,0.4,2.93,3.7,2.36,4.69,2.01,1.65,3.07,3.61,0.12,0.14,0.1,0.1,0.1,0.14,0.15,0.15,0.25,0.45,0.15,0.15,1.89,3.6,6.8,2
4.73,3.93,0.122,0.099,0.422,2.45,4.85,0.49,0.009,0.155,4.8,3.3,0.66,0.185,0.424,0.35,0.35,0.3,4.15,4.51,4.86,0.25,0.5,0.25,2.74,2.75,2.63,0.3,0.5,0.2,2.03,4.05,3.78,0.3,0.3,0.4,3.47,3.0,4.99,2.94,3.32,4.76,3.23,1.66,0.12,0.14,0.1,0.1,0.1,0.14,0.15,0.15,0.25,0.45,0.15,0.15,3.21,3.36,10.76,3
2.02,3.25,0.363,0.094,0.346,4.26,4.08,0.243,0.132,0.363,4.43,4.51,0.335,0.408,0.292,0.35,0.35,0.3,3.6,2.11,2.21,0.25,0.5,0.25,2.88,4.24,3.21,0.3,0.5,0.2,3.69,4.26,2.03,0.3,0.3,0.4,3.43,3.97,2.66,4.42,3.04,3.78,4.25,1.63,0.12,0.14,0.1,0.1,0.1,0.14,0.15,0.15,0.25,0.45,0.15,0.15,2.57,3.25,8.35,2
2.41,3.01,0.488,0.296,0.219,3.26,4.01,0.618,0.3,0.451,4.45,2.63,0.503,0.144,0.33,0.35,0.35,0.3,2.24,2.58,2.61,0.25,0.5,0.25,4.5,3.9,4.37,0.3,0.5,0.2,3.2,2.92,3.66,0.3,0.3,0.4,4.62,2.35,4.81,2.97,2.83,3.45,1.88,2.92,0.12,0.14,0.1,0.1,0.1,0.14,0.15,0.15,0.25,0.45,0.15,0.15,2.51,3.47,8.73,2
2.04,3.66,0.096,0.465,0.511,3.89,4.31,0.736,0.203,0.315,4.38,2.2,0.831,0.279,0.173,0.35,0.35,0.3,2.71,2.8,3.99,0.25,0.5,0.25,4.68,3.16,2.12,0.3,0.5,0.2,2.71,3.58,1.73,0.3,0.3,0.4,4.25,3.84,3.22,2.68,4.19,2.94,2.89,1.56,0.12,0.14,0.1,0.1,0.1,0.14,0.15,0.15,0.25,0.45,0.15,0.15,2.13,3.16,6.72,2
3.54,4.18,0.091,0.324,0.279,4.18,2.05,0.225,0.633,0.308,2.68,4.88,0.156,0.172,0.413,0.35,0.35,0.3,2.19,3.39,3.77,0.25,0.5,0.25,4.21,4.33,4.51,0.3,0.5,0.2,2.4,2.27,1.55,0.3,0.3,0.4,1.92,3.93,2.28,2.47,3.98,4.39,4.23,1.79,0.12,0.14,0.1,0.1,0.1,0.14,0.15,0.15,0.25,0.45,0.15,0.15,1.97,3.52,6.93,2
2.6,3.41,0.764,0.503,0.461,3.09,3.23,0.819,0.217,0.125,2.54,4.16,0.04,0.626,0.414,0.35,0.35,0.3,2.57,2.52,2.84,0.25,0.5,0.25,3.0,4.69,4.97,0.3,0.5,0.2,3.94,3.84,4.0,0.3,0.3,0.4,4.42,3.39,1.51,2.25,3.47,1.52,2.68,3.75,0.12,0.14,0.1,0.1,0.1,0.14,0.15,0.15,0.25,0.45,0.15,0.15,1.52,3.59,5.45,2
3.04,3.57,0.299,0.276,0.245,4.84,4.19,0.173,0.354,0.454,3.72,2.25,0.423,0.614,0.301,0.35,0.35,0.3,2.6,3.62,4.81,0.25,0.5,0.25,3.39,3.44,3.68,0.3,0.5,0.2,2.61,3.98,2.7,0.3,0.3,0.4,3.42,2.41,2.26,3.01,3.68,1.56,4.43,3.03,0.12,0.14,0.1,0.1,0.1,0.14,0.15,0.15,0.25,0.45,0.15,0.15,1.94,3.38,6.56,2
3.02,3.69,0.829,0.471,0.274,2.81,3.67,0.063,0.066,0.353,4.86,4.8,0.154,0.096,0.373,0.35,0.35,0.3,3.24,3.03,3.23,0.25,0.5,0.25,4.5,4.75,3.08,0.3,0.5,0.2,3.52,4.07,3.94,0.3,0.3,0.4,3.87,1.51,2.63,2.07,3.54,3.32,4.01,1.8,0.12,0.14,0.1,0.1,0.1,0.14,0.15,0.15,0.25,0.45,0.15,0.15,2.7,3.74,10.11,3
3.33,2.12,0.438,0.694,0.342,4.94,3.36,0.472,0.02,0.322,3.55,3.89,0.671,0.211,0.336,0.35,0.35,0.3,2.97,3.97,3.79,0.25,0.5,0.25,3.07,2.38,2.7,0.3,0.5,0.2,2.41,3.22,4.23,0.3,0.3,0.4,2.06,2.19,3.04,4.4,3.87,2.54,1.65,4.57,0.12,0.14,0.1,0.1,0.1,0.14,0.15,0.15,0.25,0.45,0.15,0.15,2.46,3.06,7.54,2
3.56,3.65,0.394,0.671,0.294,4.69,2.22,0.127,0.011,0.43,4.23,3.78,0.318,0.113,0.276,0.35,0.35,0.3,3.09,3.59,2.27,0.25,0.5,0.25,4.42,2.5,2.55,0.3,0.5,0.2,4.14,4.9,4.42,0.3,0.3,0.4,3.15,4.42,3.07,4.91,4.75,2.91,2.85,2.79,0.12,0.14,0.1,0.1,0.1,0.14,0.15,0.15,0.25,0.45,0.15,0.15,2.39,3.37,8.07,2
3.74,2.67,0.884,0.149,0.36,3.28,2.59,0.676,0.06,0.298,4.63,4.64,0.105,0.33,0.342,0.35,0.35,0.3,4.45,4.06,4.67,0.25,0.5,0.25,4.35,4.29,2.97,0.3,0.5,0.2,2.81,4.53,3.66,0.3,0.3,0.4,3.95,2.24,3.42,1.84,4.81,3.38,4.18,4.59,0.12,0.14,0.1,0.1,0.1,0.14,0.15,0.15,0.25,0.45,0.15,0.15,2.83,3.98,11.28,3
3.23,2.59,0.727,0.415,0.18,4.77,3.36,0.28,0.223,0.504,2.21,4.25,0.703,0.076,0.316,0.35,0.35,0.3,2.06,2.74,2.31,0.25,0.5,0.25,3.41,2.92,4.55,0.3,0.5,0.2,3.17,3.5,4.46,0.3,0.3,0.4,4.29,1.76,3.16,1.69,4.93,1.65,3.34,3.63,0.12,0.14,0.1,0.1,0.1,0.14,0.15,0.15,0.25,0.45,0.15,0.15,2.7,3.16,8.53,2
3.29,4.12,0.011,0.568,0.341,3.56,3.66,0.784,0.563,0.173,4.85,4.42,0.146,0.393,0.486,0.35,0.35,0.3,2.31,4.12,3.18,0.25,0.5,0.25,4.69,3.76,2.01,0.3,0.5,0.2,4.75,3.89,3.81,0.3,0.3,0.4,4.32,2.36,1.62,1.51,4.51,4.94,3.86,3.67,0.12,0.14,0.1,0.1,0.1,0.14,0.15,0.15,0.25,0.45,0.15,0.15,1.81,3.65,6.61,2
2.75,3.4,0.41,0.096,0.544,4.42,3.86,0.596,0.379,0.287,4.03,4.46,0.457,0.441,0.169,0.35,0.35,0.3,4.42,4.2,4.66,0.25,0.5,0.25,3.15,3.49,4.36,0.3,0.5,0.2,4.01,2.46,4.75,0.3,0.3,0.4,2.26,3.32,2.43,4.76,1.87,3.87,4.97,2.98,0.12,0.14,0.1,0.1,0.1,0.14,0.15,0.15,0.25,0.45,0.15,0.15,2.51,3.78,9.47,2
4.15,4.03,0.149,0.3,0.364,3.89,3.93,0.125,0.605,0.158,4.91,3.22,0.256,0.273,0.478,0.35,0.35,0.3,3.6,4.17,4.83,0.25,0.5,0.25,4.25,2.44,4.0,0.3,0.5,0.2,4.08,4.8,4.64,0.3,0.3,0.4,4.41,3.55,4.87,1.76,3.08,1.85,3.86,3.85,0.12,0.14,0.1,0.1,0.1,0.14,0.15,0.15,0.25,0.45,0.15,0.15,2.25,3.72,8.38,2
3.0,3.67,0.047,0.358,0.215,3.19,3.19,0.195,0.08,0.354,2.61,4.23,0.117,0.394,0.431,0.35,0.35,0.3,3.32,2.21,4.71,0.25,0.5,0.25,3.92,4.26,2.06,0.3,0.5,0.2,2.69,3.76,1.65,0.3,0.3,0.4,3.49,4.57,1.6,3.88,4.24,4.09,3.41,2.35,0.12,0.14,0.1,0.1,0.1,0.14,0.15,0.15,0.25,0.45,0.15,0.15,2.01,3.36,6.76,2
2.15,3.14,0.418,0.537,0.252,2.64,3.4,0.321,0.512,0.389,4.75,4.27,0.528,0.18,0.359,0.35,0.35,0.3,2.8,4.84,4.48,0.25,0.5,0.25,2.99,4.22,2.21,0.3,0.5,0.2,4.44,4.63,2.44,0.3,0.3,0.4,3.84,4.49,4.07,2.56,2.53,3.37,4.46,2.4,0.12,0.14,0.1,0.1,0.1,0.14,0.15,0.15,0.25,0.45,0.15,0.15,2.05,3.69,7.56,2
4.52,3.51,0.253,0.694,0.343,2.34,3.01,0.031,0.504,0.44,3.81,4.48,0.298,0.297,0.218,0.35,0.35,0.3,3.63,3.73,2.7,0.25,0.5,0.25,3.6,2.44,4.21,0.3,0.5,0.2,2.85,2.51,2.86,0.3,0.3,0.4,4.48,4.89,3.17,2.19,3.62,3.9,3.01,4.56,0.12,0.14,0.1,0.1,0.1,0.14,0.15,0.15,0.25,0.45,0.15,0.15,1.38,3.26,4.51,1
3.44,3.14,0.68,0.29,0.46,3.78,4.53,0.23,0.546,0.173,3.98,4.36,0.364,0.123,0.367,0.35,0.35,0.3,2.66,2.82,2.1,0.25,0.5,0.25,3.82,2.78,4.02,0.3,0.5,0.2,4.96,4.94,2.38,0.3,0.3,0.4,2.92,4.59,3.97,2.36,1.69,4.08,1.54,2.21,0.12,0.14,0.1,0.1,0.1,0.14,0.15,0.15,0.25,0.45,0.15,0.15,2.57,3.18,8.16,2
2.92,3.34,0.679,0.448,0.298,4.88,4.14,0.366,0.503,0.235,3.4,2.1,0.798,0.361,0.467,0.35,0.35,0.3,4.58,3.3,3.36,0.25,0.5,0.25,3.61,4.4,2.94,0.3,0.5,0.2,4.64,1.87,2.12,0.3,0.3,0.4,4.72,3.08,2.66,3.91,2.21,4.97,2.45,2.85,0.12,0.14,0.1,0.1,0.1,0.14,0.15,0.15,0.25,0.45,0.15,0.15,1.95,3.58,6.97,2
3.88,3.17,0.826,0.611,0.518,3.91,4.58,0.279,0.328,0.2,2.55,3.74,0.662,0.325,0.282,0.35,0.35,0.3,4.47,3.55,2.19,0.25,0.5,0.25,2.33,4.74,4.58,0.3,0.5,0.2,3.81,3.36,4.56,0.3,0.3,0.4,4.58,2.0,2.8,1.56,2.9,1.91,3.58,4.11,0.12,0.14,0.1,0.1,0.1,0.14,0.15,0.15,0.25,0.45,0.15,0.15,1.87,3.7,6.91,2
2.19,3.67,0.228,0.199,0.337,3.23,3.99,0.126,0.644,0.392,4.29,4.03,0.394,0.221,0.271,0.35,0.35,0.3,2.97,3.55,4.88,0.25,0.5,0.25,4.97,4.61,2.63,0.3,0.5,0.2,4.41,1.89,1.59,0.3,0.3,0.4,4.33,4.85,3.31,4.53,1.75,4.99,4.82,2.66,0.12,0.14,0.1,0.1,0.1,0.14,0.15,0.15,0.25,0.45,0.15,0.15,1.9,3.86,7.34,2
4.45,3.75,0.542,0.487,0.335,4.19,3.26,0.842,0.287,0.369,2.34,2.55,0.131,0.655,0.296,0.35,0.35,0.3,2.07,2.74,2.02,0.25,0.5,0.25,4.9,3.51,3.28,0.3,0.5,0.2,3.4,2.16,2.14,0.3,0.3,0.4,2.83,2.3,4.68,3.49,2.99,3.17,3.62,2.78,0.12,0.14,0.1,0.1,0.1,0.14,0.15,0.15,0.25,0.45,0.15,0.15,1.91,3.2,6.11,2
4.74,2.88,0.641,0.664,0.45,4.41,2.88,0.428,0.021,0.237,4.63,3.29,0.119,0.696,0.312,0.35,0.35,0.3,4.66,2.79,2.98,0.25,0.5,0.25,2.11,3.1,2.35,0.3,0.5,0.2,4.07,4.17,4.16,0.3,0.3,0.4,3.35,3.68,2.65,2.32,2.31,2.2,2.49,4.68,0.12,0.14,0.1,0.1,0.1,0.14,0.15,0.15,0.25,0.45,0.15,0.15,1.65,3.1,5.12,2
3.57,5.0,0.875,0.423,0.336,4.75,3.06,0.626,0.052,0.452,2.14,3.34,0.116,0.348,0.212,0.35,0.35,0.3,2.9,3.09,2.61,0.25,0.5,0.25,4.83,3.34,3.94,0.3,0.5,0.2,1.94,1.73,2.28,0.3,0.3,0.4,2.11,2.43,1.8,2.23,4.52,2.81,4.98,2.22,0.12,0.14,0.1,0.1,0.1,0.14,0.15,0.15,0.25,0.45,0.15,0.15,2.79,3.23,9.01,2
2.09,3.11,0.815,0.035,0.346,2.06,3.74,0.093,0.384,0.146,2.76,4.84,0.083,0.13,0.508,0.35,0.35,0.3,3.97,4.34,2.04,0.25,0.5,0.25,3.59,2.53,2.26,0.3,0.5,0.2,4.96,2.84,2.4,0.3,0.3,0.4,4.16,4.36,1.63,3.79,2.62,2.78,2.9,2.34,0.12,0.14,0.1,0.1,0.1,0.14,0.15,0.15,0.25,0.45,0.15,0.15,2.61,3.13,8.18,2
2.75,4.67,0.298,0.258,0.312,2.56,3.13,0.844,0.213,0.471,3.7,2.8,0.03,0.422,0.217,0.35,0.35,0.3,4.57,3.31,3.5,0.25,0.5,0.25,2.38,3.49,2.54,0.3,0.5,0.2,4.3,2.17,4.89,0.3,0.3,0.4,4.62,2.2,4.59,3.7,2.83,4.63,2.3,4.6,0.12,0.14,0.1,0.1,0.1,0.14,0.15,0.15,0.25,0.45,0.15,0.15,2.31,3.39,7.81,2
2.12,4.65,0.826,0.576,0.357,3.77,3.48,0.55,0.656,0.362,2.5,4.06,0.06,0.23,0.28,0.35,0.35,0.3,4.4,2.12,2.23,0.25,0.5,0.25,4.46,2.69,4.3,0.3,0.5,0.2,2.0,4.48,4.17,0.3,0.3,0.4,2.06,2.97,2.6,2.61,4.31,3.34,3.44,2.46,0.12,0.14,0.1,0.1,0.1,0.14,0.15,0.15,0.25,0.45,0.15,0.15,1.57,3.26,5.11,2
4.03,2.22,0.512,0.399,0.21,2.06,4.6,0.413,0.004,0.313,2.93,2.94,0.508,0.261,0.477,0.35,0.35,0.3,4.59,3.36,4.7,0.25,0.5,0.25,3.3,2.49,3.5,0.3,0.5,0.2,2.35,1.79,3.07,0.3,0.3,0.4,4.11,2.27,1.92,2.67,3.46,1.73,2.7,2.66,0.12,0.14,0.1,0.1,0.1,0.14,0.15,0.15,0.25,0.45,0.15,0.15,2.41,3.09,7.45,2
4.82,3.48,0.663,0.672,0.294,3.62,2.59,0.611,0.083,0.228,4.43,3.26,0.898,0.609,0.478,0.35,0.35,0.3,3.47,2.6,4.06,0.25,0.5,0.25,4.14,3.14,3.99,0.3,0.5,0.2,3.51,2.68,1.98,0.3,0.3,0.4,3.93,4.51,3.59,3.12,1.68,4.0,1.89,4.59,0.12,0.14,0.1,0.1,0.1,0.14,0.15,0.15,0.25,0.45,0.15,0.15,1.82,3.34,6.06,2
3.97,4.48,0.141,0.457,0.186,3.83,4.48,0.732,0.206,0.404,2.57,3.42,0.37,0.545,0.41,0.35,0.35,0.3,4.53,2.04,3.11,0.25,0.5,0.25,4.48,2.19,4.2,0.3,0.5,0.2,4.17,4.5,2.44,0.3,0.3,0.4,1.63,3.67,4.46,4.69,2.26,3.24,3.99,2.62,0.12,0.14,0.1,0.1,0.1,0.14,0.15,0.15,0.25,0.45,0.15,0.15,2.19,3.24,7.09,2
3.72,4.3,0.705,0.202,0.376,2.12,3.37,0.803,0.626,0.342,4.4,3.12,0.893,0.058,0.282,0.35,0.35,0.3,3.38,4.93,4.52,0.25,0.5,0.25,3.61,3.41,3.82,0.3,0.5,0.2,2.02,3.9,4.93,0.3,0.3,0.4,4.71,3.71,3.6,3.38,3.64,4.35,3.92,4.99,0.12,0.14,0.1,0.1,0.1,0.14,0.15,0.15,0.25,0.45,0.15,0.15,2.66,3.89,10.32,3
4.88,3.64,0.239,0.083,0.176,4.56,2.6,0.408,0.525,0.431,2.15,2.95,0.849,0.314,0.393,0.35,0.35,0.3,2.79,2.88,4.39,0.25,0.5,0.25,2.15,4.09,2.59,0.3,0.5,0.2,4.86,3.96,4.27,0.3,0.3,0.4,3.18,2.6,2.03,4.44,2.2,1.66,4.9,4.37,0.12,0.14,0.1,0.1,0.1,0.14,0.15,0.15,0.25,0.45,0.15,0.15,2.09,3.39,7.08,2
3.02,4.12,0.851,0.103,0.33,2.95,4.31,0.336,0.359,0.313,2.34,2.17,0.846,0.208,0.357,0.35,0.35,0.3,3.44,3.61,2.98,0.25,0.5,0.25,4.47,3.95,4.1,0.3,0.5,0.2,2.71,4.97,1.74,0.3,0.3,0.4,2.44,2.12,2.92,3.74,2.37,4.53,1.98,4.46,0.12,0.14,0.1,0.1,0.1,0.14,0.15,0.15,0.25,0.45,0.15,0.15,2.6,3.63,9.43,2
3.88,4.2,0.365,0.385,0.245,4.39,4.45,0.337,0.521,0.412,2.94,3.34,0.681,0.6,0.343,0.35,0.35,0.3,3.01,3.07,4.54,0.25,0.5,0.25,4.08,4.93,2.35,0.3,0.5,0.2,4.98,1.58,3.97,0.3,0.3,0.4,1.61,4.5,2.43,3.47,3.68,4.63,4.69,2.29,0.12,0.14,0.1,0.1,0.1,0.14,0.15,0.15,0.25,0.45,0.15,0.15,1.74,3.78,6.59,2
4.59,2.19,0.424,0.041,0.374,4.39,4.05,0.403,0.415,0.367,2.39,2.74,0.348,0.689,0.258,0.35,0.35,0.3,4.3,2.16,4.79,0.25,0.5,0.25,4.73,4.66,2.81,0.3,0.5,0.2,4.13,3.83,2.82,0.3,0.3,0.4,4.24,4.18,1.56,3.21,3.23,1.53,4.29,2.26,0.12,0.14,0.1,0.1,0.1,0.14,0.15,0.15,0.25,0.45,0.15,0.15,2.15,3.77,8.09,2
4.3,3.93,0.39,0.322,0.365,4.65,3.13,0.126,0.539,0.305,2.59,3.91,0.055,0.068,0.331,0.35,0.35,0.3,4.5,4.7,3.86,0.25,0.5,0.25,2.81,3.9,3.34,0.3,0.5,0.2,3.2,4.11,4.02,0.3,0.3,0.4,2.68,4.07,4.88,3.88,2.44,3.17,2.39,4.13,0.12,0.14,0.1,0.1,0.1,0.14,0.15,0.15,0.25,0.45,0.15,0.15,2.16,3.75,8.12,2
3.72,2.77,0.679,0.611,0.372,3.92,3.43,0.508,0.407,0.314,3.83,3.57,0.605,0.622,0.314,0.35,0.35,0.3,2.42,4.81,3.06,0.25,0.5,0.25,4.36,4.69,2.34,0.3,0.5,0.2,2.77,4.12,2.53,0.3,0.3,0.4,3.3,4.99,3.11,3.22,3.46,1.93,3.18,4.39,0.12,0.14,0.1,0.1,0.1,0.14,0.15,0.15,0.25,0.45,0.15,0.15,1.57,3.78,5.93,2
2.29,3.89,0.722,0.551,0.502,3.98,2.61,0.207,0.608,0.19,3.9,4.89,0.21,0.04,0.308,0.35,0.35,0.3,2.49,2.56,4.7,0.25,0.5,0.25,4.62,3.33,2.32,0.3,0.5,0.2,1.84,4.0,1.96,0.3,0.3,0.4,2.18,3.46,1.97,4.04,3.72,3.35,3.71,2.29,0.12,0.14,0.1,0.1,0.1,0.14,0.15,0.15,0.25,0.45,0.15,0.15,2.04,3.19,6.5,2
4.47,2.87,0.25,0.501,0.157,4.41,2.92,0.274,0.138,0.294,2.98,2.77,0.685,0.186,0.549,0.35,0.35,0.3,3.15,3.25,4.83,0.25,0.5,0.25,3.07,4.4,3.96,0.3,0.5,0.2,1.81,1.75,1.57,0.3,0.3,0.4,3.62,2.12,4.6,2.14,1.64,1.81,2.6,2.22,0.12,0.14,0.1,0.1,0.1,0.14,0.15,0.15,0.25,0.45,0.15,0.15,2.46,3.3,8.12,2
4.17,2.2,0.337,0.227,0.137,4.6,3.27,0.291,0.414,0.41,4.68,4.32,0.573,0.44,0.454,0.35,0.35,0.3,3.39,3.12,3.04,0.25,0.5,0.25,3.23,2.85,4.23,0.3,0.5,0.2,3.7,1.79,2.53,0.3,0.3,0.4,2.89,3.63,4.95,2.63,2.46,4.6,1.88,2.35,0.12,0.14,0.1,0.1,0.1,0.14,0.15,0.15,0.25,0.45,0.15,0.15,2.18,3.12,6.8,2
2.48,4.13,0.168,0.652,0.304,2.08,2.59,0.096,0.009,0.419,3.95,2.41,0.627,0.135,0.277,0.35,0.35,0.3,4.87,2.5,2.26,0.25,0.5,0.25,3.0,3.58,3.11,0.3,0.5,0.2,4.21,4.2,4.51,0.3,0.3,0.4,4.32,2.51,4.36,4.56,2.58,2.14,4.43,1.98,0.12,0.14,0.1,0.1,0.1,0.14,0.15,0.15,0.25,0.45,0.15,0.15,1.93,3.39,6.56,2
2.64,2.96,0.681,0.253,0.334,3.69,4.3,0.267,0.573,0.419,4.83,3.46,0.572,0.385,0.247,0.35,0.35,0.3,4.83,3.98,4.6,0.25,0.5,0.25,2.02,4.94,3.17,0.3,0.5,0.2,4.68,3.64,4.62,0.3,0.3,0.4,3.83,3.3,2.39,2.88,4.58,3.84,2.08,2.97,0.12,0.14,0.1,0.1,0.1,0.14,0.15,0.15,0.25,0.45,0.15,0.15,1.97,3.89,7.66,2
3.14,4.77,0.031,0.358,0.237,2.76,3.97,0.364,0.532,0.236,3.37,3.86,0.52,0.459,0.527,0.35,0.35,0.3,4.9,4.35,3.99,0.25,0.5,0.25,2.69,3.8,2.62,0.3,0.5,0.2,2.78,2.42,3.89,0.3,0.3,0.4,4.03,3.11,2.17,4.45,1.68,3.79,3.22,3.26,0.12,0.14,0.1,0.1,0.1,0.14,0.15,0.15,0.25,0.45,0.15,0.15,1.8,3.51,6.31,2
3.97,4.3,0.228,0.203,0.26,2.3,4.25,0.313,0.061,0.212,3.14,3.03,0.549,0.324,0.528,0.35,0.35,0.3,4.19,4.28,2.7,0.25,0.5,0.25,2.99,3.52,3.56,0.3,0.5,0.2,4.78,1.53,4.12,0.3,0.3,0.4,2.38,3.47,3.34,4.78,2.71,2.62,3.03,3.7,0.12,0.14,0.1,0.1,0.1,0.14,0.15,0.15,0.25,0.45,0.15,0.15,2.42,3.5,8.48,2
2.4,2.77,0.531,0.616,0.144,3.99,3.31,0.139,0.419,0.449,4.49,3.47,0.636,0.037,0.407,0.35,0.35,0.3,4.03,4.03,3.7,0.25,0.5,0.25,2.33,4.36,3.74,0.3,0.5,0.2,2.54,3.37,2.18,0.3,0.3,0.4,1.72,4.72,3.54,3.52,2.18,2.25,4.66,1.69,0.12,0.14,0.1,0.1,0.1,0.14,0.15,0.15,0.25,0.45,0.15,0.15,2.45,3.47,8.51,2
3.13,2.43,0.072,0.308,0.444,3.12,3.32,0.873,0.269,0.335,3.62,3.92,0.182,0.408,0.221,0.35,0.35,0.3,2.81,2.05,2.92,0.25,0.5,0.25,4.3,2.94,4.8,0.3,0.5,0.2,4.79,1.82,2.74,0.3,0.3,0.4,4.58,4.34,4.57,1.86,3.93,4.7,3.46,2.17,0.12,0.14,0.1,0.1,0.1,0.14,0.15,0.15,0.25,0.45,0.15,0.15,2.01,3.3,6.64,2
2.65,2.41,0.228,0.411,0.272,2.74,2.41,0.18,0.666,0.27,2.99,2.52,0.892,0.237,0.458,0.35,0.35,0.3,3.12,2.69,4.76,0.25,0.5,0.25,3.28,4.49,2.12,0.3,0.5,0.2,4.72,4.12,4.65,0.3,0.3,0.4,4.77,2.95,4.89,4.15,4.34,1.64,2.99,1.91,0.12,0.14,0.1,0.1,0.1,0.14,0.15,0.15,0.25,0.45,0.15,0.15,1.74,3.64,6.33,2
3.37,2.85,0.258,0.286,0.251,2.24,4.89,0.545,0.429,0.448,4.26,2.08,0.892,0.62,0.3,0.35,0.35,0.3,2.01,3.54,3.03,0.25,0.5,0.25,3.7,2.06,4.73,0.3,0.5,0.2,2.04,2.69,4.95,0.3,0.3,0.4,3.75,4.36,4.69,3.83,1.7,2.39,4.92,2.45,0.12,0.14,0.1,0.1,0.1,0.14,0.15,0.15,0.25,0.45,0.15,0.15,1.79,3.18,5.7,2
3.74,2.55,0.855,0.494,0.476,2.9,2.5,0.038,0.33,0.372,2.23,3.42,0.469,0.57,0.152,0.35,0.35,0.3,4.5,4.11,2.59,0.25,0.5,0.25,2.85,2.71,4.97,0.3,0.5,0.2,4.51,4.33,3.05,0.3,0.3,0.4,4.73,4.51,2.7,2.52,4.52,2.64,2.73,2.15,0.12,0.14,0.1,0.1,0.1,0.14,0.15,0.15,0.25,0.45,0.15,0.15,1.59,3.47,5.53,2
4.29,2.05,0.541,0.34,0.535,2.39,3.37,0.632,0.674,0.273,2.4,2.49,0.302,0.198,0.193,0.35,0.35,0.3,2.83,3.16,2.13,0.25,0.5,0.25,3.08,2.53,3.04,0.3,0.5,0.2,3.96,1.83,4.22,0.3,0.3,0.4,3.97,4.21,3.55,4.52,3.94,3.54,4.04,4.78,0.12,0.14,0.1,0.1,0.1,0.14,0.15,0.15,0.25,0.45,0.15,0.15,1.76,3.09,5.43,2
2.39,2.81,0.295,0.089,0.537,2.24,4.38,0.004,0.581,0.265,4.72,2.55,0.032,0.208,0.198,0.35,0.35,0.3,2.24,3.35,3.03,0.25,0.5,0.25,4.26,2.77,4.18,0.3,0.5,0.2,3.96,3.23,4.77,0.3,0.3,0.4,3.62,3.43,1.93,3.19,2.26,2.79,2.32,2.81,0.12,0.14,0.1,0.1,0.1,0.14,0.15,0.15,0.25,0.45,0.15,0.15,1.95,3.35,6.55,2
2.81,3.85,0.495,0.593,0.179,2.92,3.22,0.068,0.427,0.459,4.5,3.25,0.182,0.356,0.362,0.35,0.35,0.3,2.95,4.52,4.97,0.25,0.5,0.25,3.41,4.84,4.47,0.3,0.5,0.2,4.44,1.85,4.99,0.3,0.3,0.4,2.97,4.65,3.32,1.7,4.71,1.89,4.15,1.99,0.12,0.14,0.1,0.1,0.1,0.14,0.15,0.15,0.25,0.45,0.15,0.15,1.65,4.07,6.73,2
3.86,4.45,0.3,0.061,0.151,2.56,2.48,0.063,0.55,0.557,3.3,4.77,0.028,0.046,0.292,0.35,0.35,0.3,2.97,2.07,2.66,0.25,0.5,0.25,3.79,2.07,3.95,0.3,0.5,0.2,3.38,4.23,2.54,0.3,0.3,0.4,2.74,3.22,1.75,1.74,2.53,3.5,4.13,3.83,0.12,0.14,0.1,0.1,0.1,0.14,0.15,0.15,0.25,0.45,0.15,0.15,1.92,2.9,5.57,2
4.65,4.68,0.834,0.676,0.403,3.13,4.0,0.392,0.614,0.289,4.13,2.15,0.184,0.212,0.307,0.35,0.35,0.3,4.17,2.81,3.37,0.25,0.5,0.25,3.27,2.9,2.87,0.3,0.5,0.2,3.27,3.46,3.79,0.3,0.3,0.4,3.21,1.87,1.89,2.3,4.26,4.03,4.4,4.91,0.12,0.14,0.1,0.1,0.1,0.14,0.15,0.15,0.25,0.45,0.15,0.15,1.62,3.22,5.22,2
2.29,3.99,0.638,0.09,0.246,4.18,3.8,0.009,0.62,0.322,4.33,4.32,0.221,0.336,0.432,0.35,0.35,0.3,2.02,2.87,4.92,0.25,0.5,0.25,3.67,3.72,3.87,0.3,0.5,0.2,2.78,2.32,2.86,0.3,0.3,0.4,2.28,2.45,1.93,3.63,1.76,3.97,3.2,4.28,0.12,0.14,0.1,0.1,0.1,0.14,0.15,0.15,0.25,0.45,0.15,0.15,2.14,3.33,7.13,2
4.48,2.64,0.865,0.087,0.496,4.02,4.86,0.808,0.349,0.151,3.11,4.66,0.572,0.173,0.353,0.35,0.35,0.3,2.69,4.98,2.02,0.25,0.5,0.25,4.69,4.11,4.63,0.3,0.5,0.2,4.53,4.87,3.13,0.3,0.3,0.4,3.0,3.8,2.56,4.35,3.1,3.21,2.28,3.77,0.12,0.14,0.1,0.1,0.1,0.14,0.15,0.15,0.25,0.45,0.15,0.15,3.25,3.99,12.95,3
2.19,2.34,0.084,0.285,0.378,3.56,2.95,0.286,0.448,0.275,4.27,2.1,0.025,0.641,0.347,0.35,0.35,0.3,4.69,2.68,2.89,0.25,0.5,0.25,2.8,4.32,2.32,0.3,0.5,0.2,4.65,3.89,3.12,0.3,0.3,0.4,3.28,2.83,2.58,1.85,3.27,2.57,3.71,2.82,0.12,0.14,0.1,0.1,0.1,0.14,0.15,0.15,0.25,0.45,0.15,0.15,1.3,3.37,4.38,1
2.57,4.49,0.197,0.561,0.184,2.8,4.75,0.023,0.113,0.448,3.61,4.97,0.114,0.334,0.368,0.35,0.35,0.3,4.56,2.14,4.46,0.25,0.5,0.25,3.56,3.15,3.44,0.3,0.5,0.2,2.06,2.68,2.47,0.3,0.3,0.4,1.61,2.98,3.97,1.58,4.64,1.54,4.69,2.91,0.12,0.14,0.1,0.1,0.1,0.14,0.15,0.15,0.25,0.45,0.15,0.15,2.27,3.14,7.11,2
4.24,3.84,0.57,0.344,0.421,4.69,4.0,0.09,0.693,0.362,2.38,4.04,0.14,0.061,0.216,0.35,0.35,0.3,3.89,3.25,2.29,0.25,0.5,0.25,4.06,2.66,2.07,0.3,0.5,0.2,4.2,4.49,1.57,0.3,0.3,0.4,2.88,2.91,1.77,3.68,4.43,3.36,2.58,2.56,0.12,0.14,0.1,0.1,0.1,0.14,0.15,0.15,0.25,0.45,0.15,0.15,1.99,3.06,6.08,2
2.55,3.71,0.813,0.358,0.342,4.4,4.86,0.302,0.64,0.368,3.93,3.82,0.3,0.279,0.29,0.35,0.35,0.3,3.68,3.95,4.78,0.25,0.5,0.25,2.26,4.56,4.53,0.3,0.5,0.2,2.46,2.83,4.18,0.3,0.3,0.4,2.5,2.17,1.89,2.93,3.41,3.7,1.57,4.32,0.12,0.14,0.1,0.1,0.1,0.14,0.15,0.15,0.25,0.45,0.15,0.15,1.98,3.67,7.29,2
4.16,3.01,0.078,0.183,0.333,4.99,3.54,0.716,0.389,0.506,4.82,2.06,0.609,0.224,0.161,0.35,0.35,0.3,2.67,2.46,4.5,0.25,0.5,0.25,4.89,2.37,4.34,0.3,0.5,0.2,2.14,4.8,3.94,0.3,0.3,0.4,3.72,1.83,3.8,3.05,1.68,3.04,2.15,4.31,0.12,0.14,0.1,0.1,0.1,0.14,0.15,0.15,0.25,0.45,0.15,0.15,2.5,3.33,8.32,2
4.53,4.17,0.492,0.649,0.241,4.33,4.08,0.556,0.059,0.334,3.19,3.26,0.09,0.145,0.425,0.35,0.35,0.3,4.63,4.52,2.43,0.25,0.5,0.25,3.5,2.2,2.14,0.3,0.5,0.2,2.19,2.54,4.44,0.3,0.3,0.4,4.34,1.67,3.85,4.37,3.0,4.86,4.77,3.21,0.12,0.14,0.1,0.1,0.1,0.14,0.15,0.15,0.25,0.45,0.15,0.15,2.53,3.21,8.12,2
